_id,,Case Number,Date,Year,Country,Type,Location,Activity,Injury,Fatal,Link,Lat,Lng
64c08d4b96c159958ed56184,0,2018.06.25,25-Jun-18,2018,USA,Boating,"Oceanside, San Diego County, California",Paddling,"No injury to occupant, outrigger canoe and paddle damaged",N,http://sharkattackfile.net/spreadsheets/pdf_directory/2018.06.25-Wolfe.pdf,33.226092,-117.3999421
64c08d4b96c159958ed56185,1,2018.05.26.b,26-May-18,2018,USA,Unprovoked,"Cocoa Beach, Brevard County, Florida",Walking,Lower left leg bitten,N,http://sharkattackfile.net/spreadsheets/pdf_directory/2018.05.26.b-High.pdf,28.3287044,-80.665824
64c08d4b96c159958ed56186,2,2018.05.26.a,26-May-18,2018,USA,Unprovoked,"Daytona Beach, Volusia County, Florida",Standing,Minor injury to foot,N,http://sharkattackfile.net/spreadsheets/pdf_directory/2018.05.26.a-DaytonaBeach.pdf,29.2103911,-81.1790107
64c08d4b96c159958ed56187,3,2018.05.21,21-May-18,2018,USA,Unprovoked,"Isle of Palms, Charleston County, South Carolina",Boogie boarding,Injuries to lower right leg and foot,N,http://sharkattackfile.net/spreadsheets/pdf_directory/2018.05.21-deBoer.pdf,32.8009564,-79.7846641
64c08d4b96c159958ed56188,4,2018.05.13.b,13-May-18,2018,USA,Unprovoked,"Hilton Head Island, Beaufort County, South Carolina",Swimming,Severe bite to right forearm,N,http://sharkattackfile.net/spreadsheets/pdf_directory/2018.05.13.b-Turrell.pdf,32.1836074,-80.8297967
64c08d4b96c159958ed56189,5,2017.11.18,18-Nov-17,2017,USA,Unprovoked,"Melbourne Beach, Brevard County, Florida",Surfing,Heel bitten,N,http://sharkattackfile.net/spreadsheets/pdf_directory/2017.11.18-Anderson.pdf,28.0655811,-80.5704202
64c08d4b96c159958ed5618a,6,2017.10.23.b,23-Oct-17,2017,USA,Unprovoked,"June Beach Pier, Palm Beach County, Florida",Surfing ,Lacerations to left foot,N,http://sharkattackfile.net/spreadsheets/pdf_directory/2017.10.23.b-Hartl.pdf,26.8930284,-80.0595372
64c08d4b96c159958ed5618b,7,2017.09.25.b,25-Sep-17,2017,USA,Unprovoked,"Hanna Park, Jacksonville, Duval County, Florida",Surfing,Lacerations to lower left leg and foot,N,http://sharkattackfile.net/spreadsheets/pdf_directory/2017.09.25.b-White.pdf,30.3604398,-81.3983096
64c08d4b96c159958ed5618c,8,2017.09.24.b,24-Sep-17,2017,USA,Invalid,"Rockaway Beach, Queens, New York",Surfing,"Lacerations to right ankle, foot & toe",,http://sharkattackfile.net/spreadsheets/pdf_directory/2017.09.24.b-Behrend.pdf,40.5865007,-73.8227252
64c08d4b96c159958ed5618d,9,2017.09.24.a,24-Sep-17,2017,USA,Unprovoked,"Lake Worth, Palm Beach, Florida",Surfing,Laceration to upper arm,N,http://sharkattackfile.net/spreadsheets/pdf_directory/2017.09.24.a-FortWorth.pdf,26.6203113,-80.0793081
64c08d4b96c159958ed5618e,10,2017.09.20,20-Sep-17,2017,USA,Unprovoked,"Palm Beach County, Florida",Surfing,Minor lacerations to sole of left foot,N,http://sharkattackfile.net/spreadsheets/pdf_directory/2017.09.20-Inniss.pdf,26.6460827,-80.7598229
64c08d4b96c159958ed5618f,11,2017.09.16.a,16-Sep-17,2017,USA,Unprovoked,"Ponce Inlet, Volusia County, Florida",Surfing,Lacerations to left foot,N,http://sharkattackfile.net/spreadsheets/pdf_directory/2017.09.16.a-Volusia.pdf,29.1030189,-80.9489711
64c08d4b96c159958ed56190,12,2017.09.13,13-Sep-17,2017,USA,Unprovoked,"Ponce Inlet, Volusia County, Florida",Surfing,Lacerations to left foot,N,http://sharkattackfile.net/spreadsheets/pdf_directory/2017.09.13-Loyd.pdf,29.1030189,-80.9489711
64c08d4b96c159958ed56191,13,2017.09.02.c,2-Sep-17,2017,USA,Unprovoked,"Marathon, Monroe County, Florida",Swimming,Lacerations to abdomen,N,http://sharkattackfile.net/spreadsheets/pdf_directory/2017.09.02.c-Maccarty.pdf,24.7329619,-81.0657976
64c08d4b96c159958ed56192,14,2017.09.02.b,2-Sep-17,2017,USA,Unprovoked,"South Padre Island, Cameron County, Texas",Swimming,Lacerations to foot,N,http://sharkattackfile.net/spreadsheets/pdf_directory/2017.09.02.b-SouthPadre.pdf,26.112763,-97.1886005
64c08d4b96c159958ed56193,15,2017.09.02.a,2-Sep-17,2017,USA,Unprovoked,"New Smyrna Beach, Volusia County, Florida",Surfing,Minor injury to right hand,N,http://sharkattackfile.net/spreadsheets/pdf_directory/2017.09.02.a-Elmore.pdf,29.0296132,-80.996108
64c08d4b96c159958ed56194,16,2017.07.29.c,29-Jul-17,2017,USA,Invalid,"Hilton Head Island, Beaufort County, South Carolina",Swimming,Abrasions and cuts to sole of foot,,http://sharkattackfile.net/spreadsheets/pdf_directory/2017.07.29.c-Simatacolos.pdf,32.1836074,-80.8297967
64c08d4b96c159958ed56195,17,2017.07.23.b,23-Jul-17,2017,USA,Unprovoked,"Ventnor City Beach, Ventnor City, NJ",,Minor injury to hand,N,http://sharkattackfile.net/spreadsheets/pdf_directory/2017.07.23.b-Smith.pdf,39.3376357,-74.48591
64c08d4b96c159958ed56196,18,2017.07.20.c,20-Jul-17,2017,USA,Invalid,"Hilton Head Island, Beaufort County, South Carolina",Swimming,Foot injured,,http://sharkattackfile.net/spreadsheets/pdf_directory/2017.07.20.c-Rogier.pdf,32.1836074,-80.8297967
64c08d4b96c159958ed56197,19,2017.07.14.b,14-Jul-17,2017,USA,Unprovoked,"South Beach, Westport, Grays Harbor County, Washington",Surfing,Pulled off board by shark but no injury,N,http://sharkattackfile.net/spreadsheets/pdf_directory/2017.07.14.b-Washington.pdf,47.1801066,-124.5306175
64c08d4b96c159958ed56198,20,2017.07.11,11-Jul-17,2017,USA,Boating,"Santa Cruz, Santa Cruz County, California",Kayaking,"No injury, kayak bitten",N,http://sharkattackfile.net/spreadsheets/pdf_directory/2017.07.11-Lawson.pdf,36.9759529,-121.6941678
64c08d4b96c159958ed56199,21,2017.06.29,29-Jun-17,2017,USA,Invalid,"Wrightsville Beach, New Hanover County, North Carolina",Fishing,"Arm injured by hook, not by a shark",,http://sharkattackfile.net/spreadsheets/pdf_directory/2017.06.29-Wrightsville.pdf,34.2107058,-77.8201845
64c08d4b96c159958ed5619a,22,2017.06.10.a,10-Jun-17,2017,USA,Unprovoked,"Ponce Inlet jetty, Volusia County, Florida",Surfing,Laceration to left foot,N,http://sharkattackfile.net/spreadsheets/pdf_directory/2017.06.10.a-Brock.pdf,34.2107058,-77.8201845
64c08d4b96c159958ed5619b,23,2017.05.30,30-May-17,2017,USA,Provoked,"Awendaw Landing, Charleston County, South Carolina",Touching a shark,Right hand bitten by hooked shark PROVOKED INCIDENT,N,http://sharkattackfile.net/spreadsheets/pdf_directory/2017.05.30-Higgins.pdf,33.0342074,-79.6328017
64c08d4b96c159958ed5619c,24,2017.05.06,5-May-17,2017,MEXICO,Unprovoked,"Los Arbolitos, Cabo Pulmo, Baja California Sur",Snorkeling,FATAL,Y,http://sharkattackfile.net/spreadsheets/pdf_directory/2017.05.06-Rozada.pdf,23.4038636,-109.4278961
64c08d4b96c159958ed5619d,25,2017.05.03,3-May-17,2017,USA,Invalid,"Sunset Beach, Orange County, California",Surfing,"Laceration to thigh, likely caused by surfboard fin",,http://sharkattackfile.net/spreadsheets/pdf_directory/2017.05.03-Raab.pdf,33.718363,-118.075866
64c08d4b96c159958ed5619e,26,2017.04.29.d,29-Apr-17,2017,USA,Unprovoked,"San Onofre State Beach, Northern San Diego County, California",Swimming,Major injury to posterior thigh,N,http://sharkattackfile.net/spreadsheets/pdf_directory/2017.04.29.d-Ericson.pdf,33.3590793,-117.5660721
64c08d4b96c159958ed5619f,27,2017.04.29.b,29-Apr-17,2017,USA,Unprovoked,"Folly Beach, Charleston County, South Carolina",Surfing,Left foot bitten,N,http://sharkattackfile.net/spreadsheets/pdf_directory/2017.04.29.b-Dyar.pdf,32.671303,-79.9905325
64c08d4b96c159958ed561a1,29,2017.04.20,20-Apr-17,2017,USA,Invalid,"Pawley’s Island, Georgetown County, South Carolina",Swimming,Laceration & puncture wounds to left foot,,http://sharkattackfile.net/spreadsheets/pdf_directory/2017.04.20-PawleysIsland.pdf,33.4262899,-79.1473345
64c08d4b96c159958ed561a2,30,2017.04.17.b,17-Apr-17,2017,USA,Unprovoked,"Daytona Beach, Volusia County, Florida",,Minor bite to the foot,N,http://sharkattackfile.net/spreadsheets/pdf_directory/2017.04.17.b-Volusia.pdf,29.2103911,-81.1790107
64c08d4b96c159958ed561a3,31,2017.04.13,13-Apr-17,2017,USA,Unprovoked,"Hanna Park, Jacksonville, Duval County, Florida",Surfing,Lacerations to right foot,N,http://sharkattackfile.net/spreadsheets/pdf_directory/2017.04.13-Perry.pdf,30.3709298,-81.4093467
64c08d4b96c159958ed561a4,32,2017.04.12.b,12-Apr-17,2017,USA,Unprovoked,"St. Augustine, St Johns County, Florida",Surfing,Lacerations to right foot,N,http://sharkattackfile.net/spreadsheets/pdf_directory/2017.04.12.b-Keyton.pdf,29.906554,-81.346611
64c08d4b96c159958ed561a5,33,2017.04.11,11-Apr-17,2017,USA,Unprovoked,"Ormond Beach, Volusia County, Florida",Surfing,Calf bitten,N,http://sharkattackfile.net/spreadsheets/pdf_directory/2017.04.11-Oosterveld.pdf ,29.3075315,-81.1525171
64c08d4b96c159958ed561a6,34,2017.04.10.b,10-Apr-17,2017,USA,Unprovoked,"Melbourne Beach, Brevard County, Florida",Paddle boarding,Laceration to calf,N,http://sharkattackfile.net/spreadsheets/pdf_directory/2017.04.10.b-Melbourne.pdf,28.0655811,-80.5704202
64c08d4b96c159958ed561a7,35,2017.04.10.a,10-Apr-17,2017,USA,Unprovoked,"Melbourne Beach, Brevard County, Florida",Swimming,Minor injury to left hand,N,http://sharkattackfile.net/spreadsheets/pdf_directory/2017.04.10.a-Orr.pdf,28.0655811,-80.5704202
64c08d4b96c159958ed561a8,36,2017.04.05,5-Apr-17,2017,USA,Unprovoked,"New Smyrna Beach, Volusia County, Florida",Swimming,"Thigh nipped, minor injury",N,http://sharkattackfile.net/spreadsheets/pdf_directory/2017.04.05-NSB.pdf,29.0296132,-80.996108
64c08d4b96c159958ed561a9,37,2017.04.02.a,2-Apr-17,2017,USA,Unprovoked,"Destin, Okaloosa County, Florida",Swimming,Lacerations to thighs,N,http://sharkattackfile.net/spreadsheets/pdf_directory/2017.04.02.a-Taylor.pdf,30.3982956,-86.4976975
64c08d4b96c159958ed561aa,38,2017.03.27,27-Mar-17,2017,USA,Unprovoked,"New Smyrna Beach, Volusia County, Florida",Surfing,Minor injury to left foot,N,http://sharkattackfile.net/spreadsheets/pdf_directory/2017.03.27-NSB.pdf,29.0296132,-80.996108
64c08d4b96c159958ed561ab,39,2017.02.11,11-Feb-17,2017,USA,Unprovoked,"Melbourne Beach, Brevard County, Florida",Swimming,Injury to hand,N,http://sharkattackfile.net/spreadsheets/pdf_directory/2017.02.11-MelbourneBeach.pdf,28.0655811,-80.5704202
64c08d4b96c159958ed561ac,40,2017.01.22,22-Jan-17,2017,USA,Unprovoked,"Vero Beach, Indian River County, Florida",,Puncture wounds to lower arm or hand,N,http://sharkattackfile.net/spreadsheets/pdf_directory/2017.01.22-VeroBeach.pdf,27.6452306,-80.4174806
64c08d4b96c159958ed561ad,41,2017.01.13.a,13-Jan-17,2017,USA,Unprovoked,"Jensen Beach, Martin County, Florida",,Minor injury to hand,N,http://sharkattackfile.net/spreadsheets/pdf_directory/2017.01.13.a-JensenBeach.pdf,27.2380827,-80.267529
64c08d4b96c159958ed561ae,42,2016.12.11.a,11-Dec-16,2016,USA,Invalid,"New Smyrna Beach, Volusia County, Florida",Surfing,Cuts to right ankle & foot,,http://sharkattackfile.net/spreadsheets/pdf_directory/2016.12.11.a-Garthwait.pdf,29.0296132,-80.996108
64c08d4b96c159958ed561af,43,2016.10.10,10-Oct-16,2016,USA,Unprovoked,"Indian Beach, Ecola State Park, Clatsop County, Oregon",Surfing,Wounds to upper thigh and lower leg,N,http://sharkattackfile.net/spreadsheets/pdf_directory/2016.10.10-Tanner.pdf,45.9247021,-123.9812015
64c08d4b96c159958ed561b0,44,2016.10.02,2-Oct-16,2016,USA,Unprovoked,"New Smyrna Beach, Volusia County, Florida",Surfing,Cuts to dorsal surface of left foot,N,http://sharkattackfile.net/spreadsheets/pdf_directory/2016.10.02-NSB.pdf,29.0296132,-80.996108
64c08d4b96c159958ed561b1,45,2016.10.01,1-Oct-16,2016,USA,Unprovoked,"New Smyrna Beach, Volusia County, Florida",Surfng,Minor injuries,N,http://sharkattackfile.net/spreadsheets/pdf_directory/2016.10.01-NSB.pdf,29.0296132,-80.996108
64c08d4b96c159958ed561b2,46,2016.09.18.c,18-Sep-16,2016,USA,Unprovoked,"New Smyrna Beach, Volusia County, Florida",Surfing,Minor injury to thigh,N,http://sharkattackfile.net/spreadsheets/pdf_directory/2016.09.18.c-NSB.pdf,29.0296132,-80.996108
64c08d4b96c159958ed561b3,47,2016.09.18.b,18-Sep-16,2016,USA,Unprovoked,"New Smyrna Beach, Volusia County, Florida",Surfing,Lacerations to hands,N,http://sharkattackfile.net/spreadsheets/pdf_directory/2016.09.18.b-Luciano.pdf,29.0296132,-80.996108
64c08d4b96c159958ed561b4,48,2016.09.18.a,18-Sep-16,2016,USA,Unprovoked,"New Smyrna Beach, Volusia County, Florida",Surfing,Lacerations to lower leg,N,http://sharkattackfile.net/spreadsheets/pdf_directory/2016.09.18.a-NSB.pdf,29.0296132,-80.996108
64c08d4b96c159958ed561b5,49,2016.09.11,11-Sep-16,2016,USA,Unprovoked,"Ponte Vedra Beach, St Johns County, Florida",Wading,Minor injury to arm,N,http://sharkattackfile.net/spreadsheets/pdf_directory/2016.09.11-PonteVedra.pdf,30.2348215,-81.400188
64c08d4b96c159958ed561b6,50,2016.09.07,7-Sep-16,2016,USA,Unprovoked,"Makaha, Oahu, Hawaii",Swimming,Severe lacerations to shoulder & forearm,N,http://sharkattackfile.net/spreadsheets/pdf_directory/2016.09.07-Bagnol.pdf,21.4666692,-158.2394941
64c08d4b96c159958ed561b7,51,2016.09.04,4-Sep-16,2016,USA,Unprovoked,"New Smyrna Beach, Volusia County, Florida",Body boarding,Foot bitten,N,http://sharkattackfile.net/spreadsheets/pdf_directory/2016.09.04-Moore.pdf,29.0296132,-80.996108
64c08d4b96c159958ed561b8,52,2016.08.29.b,29-Aug-16,2016,USA,Unprovoked,"New Smyrna Beach, Volusia County, Florida",Surfing,Lacerations to right foot,N,http://sharkattackfile.net/spreadsheets/pdf_directory/2016.08.29.b-Cumiskey.pdf,29.0296132,-80.996108
64c08d4b96c159958ed561b9,53,2016.08.29.a,29-Aug-16,2016,USA,Unprovoked,"New Smyrna Beach, Volusia County, Florida",Surfing,Minor injury to ankle,N,http://sharkattackfile.net/spreadsheets/pdf_directory/2016.08.29.a-NSB.pdf,29.0296132,-80.996108
64c08d4b96c159958ed561ba,54,2016.08.25,25-Aug-16,2016,USA,Unprovoked,"Ponte Vedra, St. Johns County, Florida",Wading,Minor injury to ankle,N,http://sharkattackfile.net/spreadsheets/pdf_directory/2016.08.25-Cassetty.pdf,30.2348215,-81.400188
64c08d4b96c159958ed561bb,55,2016.08.04,4-Aug-16,2016,USA,Unprovoked,"New Smyrna Beach, Volusia County, Florida",Surfing,Big toe bitten,N,http://sharkattackfile.net/spreadsheets/pdf_directory/2016.06.04-Tyler.pdf,29.0296132,-80.996108
64c08d4b96c159958ed561bc,56,2016.07.16.b,16-Jul-16,2016,USA,Unprovoked,"New Smyrna Beach, Volusia County, Florida",Surfing,Minor injury to leg,N,http://sharkattackfile.net/spreadsheets/pdf_directory/2016.07.16.b-NSB.pdf,29.0296132,-80.996108
64c08d4b96c159958ed561bd,57,2016.07.16.a,16-Jul-16,2016,USA,Unprovoked,"New Smyrna Beach, Volusia County, Florida",,Minor injury to toes,N,http://sharkattackfile.net/spreadsheets/pdf_directory/2016.07.16.a-NSB.pdf,29.0296132,-80.996108
64c08d4b96c159958ed561be,58,2016.07.15.b,15-Jul-16,2016,USA,Unprovoked,"Surfside (Surfside Colony), Orange County, California",Kite surfing,"No injury, board damaged",N,http://sharkattackfile.net/spreadsheets/pdf_directory/2016.07.15.b-Frees.pdf,33.7271118,-118.0846058
64c08d4b96c159958ed561bf,59,2016.07.15.a,15-Jul-16,2016,USA,Unprovoked,"North Myrtle Beach, Horry County, South Carolina",Swimming,Puncture wounds to foot,N,http://sharkattackfile.net/spreadsheets/pdf_directory/2016.07.15.a-MyrtleBeach.pdf,33.8249494,-78.731089
64c08d4b96c159958ed561c0,60,2016.07.08,8-Jul-16,2016,USA,Boating,"Capitola, Santa Cruz County, California",Fishing for squid,"No injury. Hull bitten, tooth fragment recovered",N,http://sharkattackfile.net/spreadsheets/pdf_directory/2016.07.08-CapitolaBoat.pdf,36.9747417,-121.9619917
64c08d4b96c159958ed561c1,61,2016.07.06,6-Jul-16,2016,USA,Unprovoked,"Melbourne Beach, Brevard County, Florida",Swimming,"Buttocks, thigh, left hand & wrist injured",N,http://sharkattackfile.net/spreadsheets/pdf_directory/2016.07.06-Njwoman.pdf,28.0655811,-80.5704202
64c08d4b96c159958ed561c2,62,2016.06.27,27-Jun-16,2016,USA,Unprovoked,"Sullivan’s Island, Charleston County, South Carolina",,Minor injury,N,http://sharkattackfile.net/spreadsheets/pdf_directory/2016.06.27-Sullivans.pdf,32.7709783,-79.8581096
64c08d4b96c159958ed561c3,63,2016.06.25,25-Jun-16,2016,USA,Unprovoked,"Atlantic Beach, Emerald Isle, Carteret County, North Carolina",Surfing,Foot injured,N,http://sharkattackfile.net/spreadsheets/pdf_directory/2016.06.25-AtlanticBeach.pdf,34.6980802,-76.6881316
64c08d4b96c159958ed561c4,64,2016.06.21.b,21-Jun-16,2016,USA,Unprovoked,"North Myrtle Beach, Horry County, South Carolina",Floating,Lacerations and punctures to foot,N,http://sharkattackfile.net/spreadsheets/pdf_directory/2016.06.21.b-Schott.pdf,33.8249494,-78.731089
64c08d4b96c159958ed561c5,65,2016.06.11,11-Jun-16,2016,USA,Unprovoked,"Atlantic Beach, Carteret County, North Carolina",Standing,Laceration to wrist,N,http://sharkattackfile.net/spreadsheets/pdf_directory/2016.06.11-Bowen.pdf,34.7028525,-76.7634714
64c08d4b96c159958ed561c6,66,2016.06.07,7-Jun-16,2016,USA,Invalid,"Folly Beach, Charleston County, South Carolina",Surfing,"No injury, board damaged",,http://sharkattackfile.net/spreadsheets/pdf_directory/2016.06.07-Oneill.pdf,32.671303,-79.9905325
64c08d4b96c159958ed561c7,67,2016.06.05.b,5-Jun-16,2016,USA,Unprovoked,"Flagler Beach, Flagler County, Florida",Swimming,Leg bitten,N,http://sharkattackfile.net/spreadsheets/pdf_directory/2016.06.05.b-Flagler.pdf,29.4659364,-81.1677656
64c08d4b96c159958ed561c8,68,2016.05.29.b,29-May-16,2016,USA,Unprovoked,"Corona Del Mar, Newport, Orange County, California",Swimming,Injuries to arm and shoulder,N,http://sharkattackfile.net/spreadsheets/pdf_directory/2016.05.29.b-Corona.pdf,33.60229,-117.886339
64c08d4b96c159958ed561c9,69,2016.05.29.a,29-May-16,2016,USA,Unprovoked,"Neptune Beach, Duval County, Florida",Swimming,Injury to posterior right leg,N,http://sharkattackfile.net/spreadsheets/pdf_directory/2016.05.29.a-Neptune.pdf,30.3158294,-81.4058216
64c08d4b96c159958ed561ca,70,2016.05.22,22-May-16,2016,USA,Unprovoked,"Vero Beach, Indian River County, Florida",Swimming,Puncture wounds to thigh,N,http://sharkattackfile.net/spreadsheets/pdf_directory/2016.05.22-Marcus.pdf,27.6452306,-80.4174806
64c08d4b96c159958ed561cb,71,2016.05.21.b,21-May-16,2016,USA,Unprovoked,"St. Petersburg, Pinellas County, Florida",Swimming,Lacerations and puncture wounds to foot and ankle,N,http://sharkattackfile.net/spreadsheets/pdf_directory/2016.05.21.b-Magee.pdf,27.7794324,-82.7372212
64c08d4b96c159958ed561cc,72,2016.05.18,18-May-16,2016,USA,Unprovoked,"Ponte Vedra, St. Johns County, Florida",Swimming,Ankle bitten,N,http://sharkattackfile.net/spreadsheets/pdf_directory/2016.05.18-Wilson.pdf,30.2348215,-81.400188
64c08d4b96c159958ed561cd,73,2016.05.15,15-May-16,2016,USA,Provoked,"Boca Raton, Palm Beach County, Florida",Teasing a shark,Arm grabbed PROVOKED INCIDENT,N,http://sharkattackfile.net/spreadsheets/pdf_directory/2016.05.15-Boca.pdf,26.3729004,-80.158565
64c08d4b96c159958ed561ce,74,2016.04.23,23-Apr-16,2016,USA,Unprovoked,"New Smyrna Beach, Volusia County, Florida",Surfing,Minor injury to left foot,N,http://sharkattackfile.net/spreadsheets/pdf_directory/2016.04.23-Beardall.pdf,29.0296132,-80.996108
64c08d4b96c159958ed561cf,75,2016.03.31,31-Mar-16,2016,USA,Unprovoked,"Olowalu, Maui, Hawaii",Snorkeling,Minor injury to left foot,N,http://sharkattackfile.net/spreadsheets/pdf_directory/2016.03.31-Orr.pdf,20.8114304,-156.632889
64c08d4b96c159958ed561d0,76,2016.03.28.b,28-Mar-16,2016,USA,Unprovoked,"Fort Myers Beach, Lee County Florida",,Minor injury to arm. Possibly caused by smalll nurse shark,,http://sharkattackfile.net/spreadsheets/pdf_directory/2016.03.28.b-Kawa.pdf,26.4344764,-81.9454836
64c08d4b96c159958ed561d1,77,2016.03.11,11-Mar-16,2016,USA,Unprovoked,"Vero Beach, St. Lucie County, Florida",Body surfing,Lacerations to right foot and ankle,N,http://sharkattackfile.net/spreadsheets/pdf_directory/2016.03.11-Kenny.pdf,27.6452306,-80.4174806
64c08d4b96c159958ed561d2,78,2015.11.15.b,15-Nov-15,2015,USA,Unprovoked,"Palm Beach, Palm Beach County, Florida",Swimming,Leg injured,N,http://sharkattackfile.net/spreadsheets/pdf_directory/2015.11.15.b-SRB.pdf,26.6837376,-80.1221132
64c08d4b96c159958ed561d3,79,2015.12.23,7-Nov-15,2015,USA,Invalid,"Paradise Beach, Melbourne, Brevard County, Florida",Surfing,Lower left leg injured,,http://sharkattackfile.net/spreadsheets/pdf_directory/2015.11.07-Underwood.pdf,28.1230224,-80.5779405
64c08d4b96c159958ed561d4,80,2015.11.01.b,1-Nov-15,2015,USA,Unprovoked,"Cocoa Beach, Brevard  County, Florida",Wading,Injury to right ankle/calf & hand,N,http://sharkattackfile.net/spreadsheets/pdf_directory/2015.11.01.b-Kruse.pdf,28.3287044,-80.665824
64c08d4b96c159958ed561d5,81,2015.10.28.a,28-Oct-15,2015,USA,Unprovoked,"Malaka, Oahu, Hawaii",Body boarding,"Lacerations & puncture wounds to right thigh, calf & ankle",N,http://sharkattackfile.net/spreadsheets/pdf_directory/2015.10.28-Senensi.pdf,21.6596348,-157.9324823
64c08d4b96c159958ed561d6,82,2015.10.19,19-Oct-15,2015,USA,Unprovoked,"Deerfield Beach, Broward County, Florida",Surfing,Left foot bitten,N,http://sharkattackfile.net/spreadsheets/pdf_directory/2015.10.19-Kirn.pdf,26.301166,-80.142994
64c08d4b96c159958ed561d7,83,2015.10.05.a,5-Oct-15,2015,USA,Unprovoked,"37th Street jetty, Galveston Island, Texas",Wading,Foot & hands bitten,N,http://sharkattackfile.net/spreadsheets/pdf_directory/2015.10.05.a-Slaughter.pdf,29.3347326,-95.1925649
64c08d4b96c159958ed561d8,84,2015.10.04,4-Oct-15,2015,USA,Unprovoked,"New Smyrna Beach, Volusia County, Florida",Surfing,Severe lacerations to left hand,N,http://sharkattackfile.net/spreadsheets/pdf_directory/2015.10.04-Tarasovic.pdf,29.0296132,-80.996108
64c08d4b96c159958ed561d9,85,2015.09.29,29-Sep-15,2015,USA,Unprovoked,"Vilano Beach, St.  Johns County, Florida",Surfing,"Laceration to heel, puncture wounds to dorsum of foot",N,http://sharkattackfile.net/spreadsheets/pdf_directory/2015.09.29-Morrison.pdf,29.9359656,-81.3245061
64c08d4b96c159958ed561da,86,2015.09.20.d,20-Sep-15,2015,USA,Unprovoked,"New Smyrna Beach, Volusia County, Florida",Surfing,Minor injury to left ankle,N,http://sharkattackfile.net/spreadsheets/pdf_directory/2015.09.20.d-NSB.pdf,29.0296132,-80.996108
64c08d4b96c159958ed561db,87,2015.09.20.a,20-Sep-15,2015,USA,Unprovoked,"Vilano Beach, St.  Johns County, Florida",Photographing fish,Injury to right hand / wrist,N,http://sharkattackfile.net/spreadsheets/pdf_directory/2015.09.20.a-Schiavo.pdf,29.9359656,-81.3245061
64c08d4b96c159958ed561dc,88,2015.09.17,17-Sep-15,2015,USA,Unprovoked,"Jacksonville Beach, Duval County, Florida",Surfing,Injury to right foot,N,http://sharkattackfile.net/spreadsheets/pdf_directory/2015.09.17-Liebetrau.pdf,30.2800089,-81.3946111
64c08d4b96c159958ed561dd,89,2015.09.03,3-Sep-15,2015,USA,Unprovoked,"Myrtle Beach, Horry County, South Carolina",,Right foot bitten,N,http://sharkattackfile.net/spreadsheets/pdf_directory/2015.09.03-Wagner.pdf,33.7198609,-78.9612081
64c08d4b96c159958ed561de,90,2015.08.29.a,29-Aug-15,2015,USA,Unprovoked,"Morro Bay, San Luis Obispo County, California",Surfing,"No injury, shark struk sufer's leg and his board",N,http://sharkattackfile.net/spreadsheets/pdf_directory/2015.08.29.a-Phillips.pdf,35.3781445,-120.913035
64c08d4b96c159958ed561df,91,2015.08.22.b,22-Aug-15,2015,USA,Invalid,"Cocoa Beach, Brevard  County, Florida",,Wound to right lower leg,,http://sharkattackfile.net/spreadsheets/pdf_directory/2015.08.22.b-CocoaBeach.pdf,28.3287044,-80.665824
64c08d4b96c159958ed561e0,92,2015.08.20,20-Aug-15,2015,USA,Unprovoked,"Murrells Inlet, Georgetown County, South Carolina",Surfing,"Injuries to left calf, arm and hand",N,http://sharkattackfile.net/spreadsheets/pdf_directory/2015.08.20-Peyton.pdf,33.5479041,-79.0792555
64c08d4b96c159958ed561e1,93,2015.08.19,19-Aug-15,2015,USA,Unprovoked,"Jacksonville Beach, Duval County, Florida",Walking,Lacerations to right leg,N,http://sharkattackfile.net/spreadsheets/pdf_directory/2015.08.19-Szsarmack,30.2800089,-81.3946111
64c08d4b96c159958ed561e2,94,2015.08.18.b,18-Aug-15,2015,USA,Boating,"Hollister Ranch,  Santa Barbara County, California",Kayak Fishing,"No injury, kayak bitten",N,http://sharkattackfile.net/spreadsheets/pdf_directory/2015.08.18.b-Lyon.pdf,34.4687463,-120.279614
64c08d4b96c159958ed561e3,95,2015.07.26.b,26-Jul-15,2015,USA,Unprovoked,"Daytona Beach, Volusia County, Florida",Surfing,Minor injury to sole of foot,N,http://sharkattackfile.net/spreadsheets/pdf_directory/2015.07.26.b-Warrilow.pdf,29.2103911,-81.1790107
64c08d4b96c159958ed561e4,96,2015.07.23.b,23-Jul-15,2015,USA,Provoked,"La Jolla, San Diego County, California",Kayak Fishing,No injury to occupant. Kayak bitten by gaffed shark. PROVOKED INCIDENT,N,http://sharkattackfile.net/spreadsheets/pdf_directory/2015.07.23.b-Lorber.pdf,32.8726384,-117.3309726
64c08d4b96c159958ed561e5,97,2015.07.10,10-Jul-15,2015,USA,Unprovoked,"Huntington Beach, Orange County, California",Surfing,"No injury, shark bumped & damaged board",N,http://sharkattackfile.net/spreadsheets/pdf_directory/2015.07.10-Miskin.pdf,33.6930512,-118.0527126
64c08d4b96c159958ed561e6,98,2015.07.08,8-Jul-15,2015,USA,Invalid,"Huntington Beach, Orange County, California",Treading water,Laceration to back,,http://sharkattackfile.net/spreadsheets/pdf_directory/2015.07.08-Finney.pdf,33.6930512,-118.0527126
64c08d4b96c159958ed561e7,99,2015.06.26.c,26-Jun-15,2015,USA,Invalid,"Jacksonville Beach, Duval County, Florida",Swimming,Minor lacerations to leg,,http://sharkattackfile.net/spreadsheets/pdf_directory/2015.06.26.c-Jacksonville.pdf,30.2800089,-81.3946111
64c08d4b96c159958ed561e8,100,2015.06.26.a,26-Jun-15,2015,USA,Unprovoked,"South Beach, Hunting Island State Park, Beaufort County, South Carolina",Standing,Puncture wounds to foot,N,http://sharkattackfile.net/spreadsheets/pdf_directory/2015.06.26.a-Donahue.pdf,32.3796389,-80.4917014
64c08d4b96c159958ed561e9,101,2015.06.25,25-Jun-15,2015,USA,Unprovoked,"Avon, Hatteras Island, Outer Banks, Dare County",Body surfing?,Multiple lacerations to back,N,http://sharkattackfile.net/spreadsheets/pdf_directory/2015.06.25-Avon.pdf,35.4851425,-77.597958
64c08d4b96c159958ed561ea,102,2015.06.24.b,24-Jun-15,2015,USA,Unprovoked,"Surf City, Topsail Island, Pender County, North Carolina",Swimming,Minor injury to foot,N,http://sharkattackfile.net/spreadsheets/pdf_directory/2015.06.24.b-Noyes.pdf,34.4279378,-77.5461
64c08d4b96c159958ed561eb,103,2015.06.17,17-Jun-15,2015,USA,Unprovoked,"Daytona Beach Shores, Volusia County, Florida",Swimming,Minor injury to calf ,N,http://sharkattackfile.net/spreadsheets/pdf_directory/2015.06.17-Simpson.pdf,29.1710117,-81.0203275
64c08d4b96c159958ed561ec,104,2015.06.14.b,14-Jun-15,2015,USA,Unprovoked,"Oak Island, Brunswick County, North Carolina",Wading,Arm amputated below shoulder,N,http://sharkattackfile.net/spreadsheets/pdf_directory/2015.06.14.b-Treschel.pdf,33.9507757,-78.184156
64c08d4b96c159958ed561ed,105,2015.06.14.a,14-Jun-15,2015,USA,Unprovoked,"Oak Island, Brunswick County, North Carolina",Wading,Left arm amputated at elbow & severe injury to leg,N,http://sharkattackfile.net/spreadsheets/pdf_directory/2015.06.14.a-Yow.pdf,33.9507757,-78.184156
64c08d4b96c159958ed561ee,106,2015.06.05,5-Jun-15,2015,USA,Unprovoked,"Fort Lauderdale, Florida",Attempting to rescue a shark,Puncture wound to finger,N,http://sharkattackfile.net/spreadsheets/pdf_directory/2015.06.05-FortLauderdale.pdf,26.1412432,-80.2279678
64c08d4b96c159958ed561ef,107,2015.05.29.b,29-May-15,2015,USA,Unprovoked,"Cocoa Beach, Brevard  County, Florida",Standing,Left foot bitten,N,http://sharkattackfile.net/spreadsheets/pdf_directory/2015.05.29.b-Gilpin.pdf,28.3287044,-80.665824
64c08d4b96c159958ed561f0,108,2015.05.29.a,29-May-15,2015,USA,Unprovoked,"New Smyrna Beach, Volusia County, Florida",Wading,Minor lacerations to dorsum of right foot,N,http://sharkattackfile.net/spreadsheets/pdf_directory/2015.05.29.a-Hatfield.pdf,29.0296132,-80.996108
64c08d4b96c159958ed561f1,109,2015.05.24,24-May-15,2015,USA,Unprovoked,"Cocoa Beach, Brevard  County, Florida",Swimming,"Puncture wounds to lower left leg and ankle, shallow lacerations to foot, deep laceration to Achilles tendon",N,http://sharkattackfile.net/spreadsheets/pdf_directory/2015.05.24-Wheatro.pdf,28.3287044,-80.665824
64c08d4b96c159958ed561f2,110,2015.05.20,20-May-15,2015,USA,Unprovoked,"Cocoa Beach, Brevard  County, Florida",Surfing,2 puncture wounds to  dorsum of left foot,N,http://sharkattackfile.net/spreadsheets/pdf_directory/2015.05.20-Zaccaria.pdf,28.3287044,-80.665824
64c08d4b96c159958ed561f3,111,2015.05.15,15-May-15,2015,USA,Unprovoked,"Sullivan’s Island, Charleston County, South Carolina",,Laceration to foot ,N,http://sharkattackfile.net/spreadsheets/pdf_directory/2015.05.15-Sullivans.pdf,32.7709783,-79.8581096
64c08d4b96c159958ed561f4,112,2015.05.07,7-May-15,2015,USA,Unprovoked,"Cocoa Beach, Brevard  County, Florida",Swimming,"Lacerations to lower left leg, ankle & foot",N,http://sharkattackfile.net/spreadsheets/pdf_directory/2015.05.07-Green.pdf,28.3287044,-80.665824
64c08d4b96c159958ed561f5,113,2015.01.27,27-Jan-15,2015,USA,Provoked,"Lahaina, Maui, Hawaii",Shark fishing,Lacerations to calf by hooked shark PROVOKED INCIDENT,N,http://sharkattackfile.net/spreadsheets/pdf_directory/2015.01.27-Pollard.pdf,20.8879004,-156.6948223
64c08d4b96c159958ed561f6,114,2015.01.08,8-Jan-15,2015,USA,Invalid,"Riviera Beach, Palm Beach County, Florida",Swimming after falling overboard,"During his 16-hour swim to shore, he was circled by a shark but it did not injure him",,http://sharkattackfile.net/spreadsheets/pdf_directory/2015.01.08-Konrad.pdf,26.7886214,-80.0954205
64c08d4b96c159958ed561f7,115,2015.01.01,1-Jan-15,2015,USA,Unprovoked,"Windsor Beach, Indian River County, Florida",,Leg bitten,N,http://sharkattackfile.net/spreadsheets/pdf_directory/2015.01.01-Child.pdf,27.8114133,-80.457037
64c08d4b96c159958ed561f8,116,2014.10.22,22-Oct-14,2014,USA,Unprovoked,"Kihei, Maui, Hawaii",Stand-Up Paddleboarding,"No injury, paddleboard bitten",N,http://sharkattackfile.net/spreadsheets/pdf_directory/2014.10.22-Lawrence.pdf,20.7651638,-156.4924916
64c08d4b96c159958ed561f9,117,2014.10.20,20-Oct-14,2014,USA,Unprovoked,"Kahului, Maui, Hawaii",Stand-Up Paddleboarding,"No injury, paddleboard bitten",N,http://sharkattackfile.net/spreadsheets/pdf_directory/2014.10.20-Maui.pdf,20.8779434,-156.4770396
64c08d4b96c159958ed561fa,118,2014.10.18,18-Oct-14,2014,USA,Unprovoked,"Maalaea, South Maui, Hawaii",Surfing,"No injury, surfboard bitten",N,http://sharkattackfile.net/spreadsheets/pdf_directory/2014.10.18-Roberson.pdf,20.8047448,-156.5158761
64c08d4b96c159958ed561fb,119,2014.10.14,14-Oct-14,2014,USA,Unprovoked,"Hilton Head Island, Beaufort County, South Carolina",Standing in inner tube,Lacerations to left foot,N,http://sharkattackfile.net/spreadsheets/pdf_directory/2014.10.14-Bandy.pdf,32.1836074,-80.8297967
64c08d4b96c159958ed561fc,120,2014.10.12,12-Oct-14,2014,USA,Unprovoked,"Melbourne Beach, Brevard County, Florida",Body surfing or Boogie boarding,Laceration to right hand/wrist,N,http://sharkattackfile.net/spreadsheets/pdf_directory/2014.10.12-Melbourne.pdf,28.0655811,-80.5704202
64c08d4b96c159958ed561fd,121,2014.10.05.b,5-Oct-14,2014,USA,Unprovoked,"New Smyrna Beach, Volusia County, Florida",Surfing,Foot bitten,N,http://sharkattackfile.net/spreadsheets/pdf_directory/2014.10.05.b-Ross.pdf,29.0296132,-80.996108
64c08d4b96c159958ed561fe,122,2014.10.05.a,5-Oct-14,2014,USA,Unprovoked,"New Smyrna Beach, Volusia County, Florida",Surfing,Foot bitten,N,http://sharkattackfile.net/spreadsheets/pdf_directory/2014.10.05.a-Mantooth.pdf,29.0296132,-80.996108
64c08d4b96c159958ed561ff,123,2014.10.03.b,3-Oct-14,2014,USA,Boating,"Santa Barbara County, California",Kayaking,"No injury to occupant, shark/s holded  kayak",N,http://sharkattackfile.net/spreadsheets/pdf_directory/2014.10.03.b-Kayaks2.pdf,34.2622209,-120.5079331
64c08d4b96c159958ed56200,124,2014.10.03.a,3-Oct-14,2014,USA,Boating,"Santa Barbara County, California",Kayaking ,"No injury to occupant, shark/s holded  kayak",N,http://sharkattackfile.net/spreadsheets/pdf_directory/2014.10.03.a-Kayaks1.pdf,34.2622209,-120.5079331
64c08d4b96c159958ed56201,125,2014.09.21,21-Sep-14,2014,USA,Unprovoked,"New Smyrna Beach, Volusia County, Florida",Surfing,Minor injury to left foot,N,http://sharkattackfile.net/spreadsheets/pdf_directory/2014.09.21-Lefebvre.pdf,29.0296132,-80.996108
64c08d4b96c159958ed56202,126,2014.08.31,31-Aug-14,2014,USA,Unprovoked,"New Smyrna Beach, Volusia County, Florida",Body surfing,Injury to left calf,N,http://sharkattackfile.net/spreadsheets/pdf_directory/2014.08.31-Masterson.pdf,29.0296132,-80.996108
64c08d4b96c159958ed56203,127,2014.08.29.b,29-Aug-14,2014,USA,Unprovoked,"Ponce Inlet, Volusia County, Florida",Surfing,Lacerations to shin,N,http://sharkattackfile.net/spreadsheets/pdf_directory/2014.08.29.b-Murphy.pdf,29.1030189,-80.9489711
64c08d4b96c159958ed56204,128,2014.08.29.a,29-Aug-14,2014,USA,Invalid,"Atlantic Beach, Duval County, Florida",,Shark involvement not confirmed,,http://sharkattackfile.net/spreadsheets/pdf_directory/2014.08.29.a-AtlanticBeach.pdf,30.3422194,-81.40695
64c08d4b96c159958ed56205,129,2014.08.27.a,27-Aug-14,2014,USA,Unprovoked,"Surfside Beach, Horry  County, South Carolina",Standing,Heel bitten,N,http://sharkattackfile.net/spreadsheets/pdf_directory/2014.08.27.a-Surfside.pdf,33.6098944,-78.9982896
64c08d4b96c159958ed56206,130,2014.08.10,10-Aug-14,2014,USA,Unprovoked,"Hallandale Beach, Broward County, Florida",,Puncture wounds & lacerations to foot,N,http://sharkattackfile.net/spreadsheets/pdf_directory/2014.08.10-Hallandale.pdf,25.9855049,-80.1497447
64c08d4b96c159958ed56207,131,2014.08.06,6-Aug-14,2014,USA,Unprovoked,"Folly Beach, Charleston County, South Carolina",Boogie boarding,Lacerations to right leg & foot,N,http://sharkattackfile.net/spreadsheets/pdf_directory/2014.08.14-Harris.pdf,32.671303,-79.9905325
64c08d4b96c159958ed56208,132,2014.08.05,5-Aug-14,2014,USA,Unprovoked,"Cocoa Beach, Brevard  County, Florida",Swimming,Lacerations to  foot,N,http://sharkattackfile.net/spreadsheets/pdf_directory/2014.08.05-Tulip.pdf,28.3287044,-80.665824
64c08d4b96c159958ed56209,133,2014.07.27,27-Jul-14,2014,USA,Unprovoked,"Sunset Beach, Brunswick County, North Carolina",Swimming,Left foot bitten,N,http://sharkattackfile.net/spreadsheets/pdf_directory/2014.07.27-SunsetBeach.pdf,33.8956427,-78.5593803
64c08d4b96c159958ed5620a,134,2014.07.21,21-Jul-14,2014,USA,Unprovoked,"Indialantic, Brevard County, Florida",Standing,Lacerations to right knee,N,http://sharkattackfile.net/spreadsheets/pdf_directory/2014.07.21-Crick.pdf,28.087562,-80.5790372
64c08d4b96c159958ed5620b,135,2014.07.09,9-Jul-14,2014,USA,Unprovoked,"New Smyrna Beach, Volusia County, Florida",Surfing,Lacerations to foot,N,http://sharkattackfile.net/spreadsheets/pdf_directory/2014.07.09-Durham.pdf,29.0296132,-80.996108
64c08d4b96c159958ed5620c,136,2014.07.05.b,5-Jul-14,2014,USA,Provoked,"Manhattan Beach, Los Angeles County, California",Swimming,PROVOKED INCIDENT Torso bitten by shark hooked by an angler,N,http://sharkattackfile.net/spreadsheets/pdf_directory/2014.07.05.b-Robles.pdf,33.8895283,-118.4217421
64c08d4b96c159958ed5620d,137,2014.07.03,3-Jul-14,2014,USA,Unprovoked,"Isle of Palms, Charleston County, South Carolina",Body surfing,Right hand bitten,N,http://sharkattackfile.net/spreadsheets/pdf_directory/2014.07.03-Fairbourne.pdf,32.8009564,-79.7846641
64c08d4b96c159958ed5620e,138,2014.06.07,7-Jun-14,2014,USA,Unprovoked,"West Beach, Galveston, Texas",Kneeling in the water,Shallow lacerations & puncture wounds below shoulder,N,http://sharkattackfile.net/spreadsheets/pdf_directory/2014.06.07-Medina.pdf,29.2000809,-94.9443832
64c08d4b96c159958ed5620f,139,2014.06.01.c,1-Jun-14,2014,USA,Unprovoked,"Fort Lauderdale, Broward County, Florida",Swimming,Laceration to right lower leg,N,http://sharkattackfile.net/spreadsheets/pdf_directory/2014.06.01.c-Vaughn.pdf,26.1412432,-80.2279678
64c08d4b96c159958ed56210,140,2014.06.01.a,1-Jun-14,2014,USA,Unprovoked,Palmyra Atoll,Tagging sharks,Laceration to left hand,N,http://sharkattackfile.net/spreadsheets/pdf_directory/2014.06.01.a-PalmyraAtoll.pdf,5.8820153,-162.0962447
64c08d4b96c159958ed56211,141,2014.05.13,13-May-14,2014,USA,Unprovoked,"Jacksonville Beach, Duval County, Florida",Wading,Lacerations and puncture wounds to right foot,N,http://sharkattackfile.net/spreadsheets/pdf_directory/2014.05.13-Cosa.pdf,30.2800089,-81.3946111
64c08d4b96c159958ed56212,142,2014.05.11,11-May-14,2014,USA,Unprovoked,"Tybee Island, Chatham County, Georgia",Surfing,Puncture wounds to right thigh,N,http://sharkattackfile.net/spreadsheets/pdf_directory/2014.05.11-Meadows.pdf,32.0066752,-80.8828356
64c08d4b96c159958ed56213,143,2014.05.01,1-May-14,2014,USA,Unprovoked,"New Smyrna Beach, Volusia County, Florida",Surfing,Laceration to right hand and cuts on fingertips,N,http://sharkattackfile.net/spreadsheets/pdf_directory/2014.05.01-Nolet.pdf,29.0296132,-80.996108
64c08d4b96c159958ed56214,144,2014.04.22,22-Apr-14,2014,USA,Unprovoked,"Cocoa Beach, Brevard  County, Florida",Swimming,Laceration & puncture wounds to right foot,N,http://sharkattackfile.net/spreadsheets/pdf_directory/2014.04.22-CocoaBeach.pdf,28.3287044,-80.665824
64c08d4b96c159958ed56215,145,2014.04.15,15-Apr-14,2014,USA,Unprovoked,"New Smyrna Beach, Volusia County, Florida",Wading,Minor lacerations to left foot,N,http://sharkattackfile.net/spreadsheets/pdf_directory/2014.04.15-NSB.pdf,29.0296132,-80.996108
64c08d4b96c159958ed56216,146,2014.04.04.b,4-Apr-14,2014,USA,Unprovoked,"New Smyrna Beach, Volusia County, Florida",Surfing,Minor puncture wounds to lower left leg,N,http://sharkattackfile.net/spreadsheets/pdf_directory/2014.04.04.b-NSB.pdf,29.0296132,-80.996108
64c08d4b96c159958ed56217,147,2014.04.04.a,4-Apr-14,2014,USA,Unprovoked,"New Smyrna Beach, Volusia County, Florida",Surfing,Lacerations to foot,N,http://sharkattackfile.net/spreadsheets/pdf_directory/2014.04.04.a-NSB.pdf,29.0296132,-80.927
64c08d4b96c159958ed56218,148,2014.03.22.a,22-Mar-14,2014,USA,Unprovoked,"Delray Beach, Palm Beach County, Florida",Kite Surfing,Lacerations to left forearm,N,http://sharkattackfile.net/spreadsheets/pdf_directory/2014.03.22.a-Hoffman.pdf,26.4561064,-80.1333735
64c08d4b96c159958ed5621a,150,2013.12.10,10-Dec-13,2013,USA,Unprovoked,"Cocoa Beach, Brevard  County, Florida",Surfing,Right foot bitten,N,http://sharkattackfile.net/spreadsheets/pdf_directory/2013.12.10-Baughman.pdf,28.3287044,-80.665824
64c08d4b96c159958ed5621b,151,2013.11.07.a,7-Nov-13,2013,USA,Unprovoked,"Floridana Beach, Brevard County, Florida",Surfing,Foot bitten,N,http://sharkattackfile.net/spreadsheets/pdf_directory/2013.11.07.a-Melian.pdf,27.9449038,-80.5020231
64c08d4b96c159958ed5621c,152,2013.10.23,23-Oct-13,2013,USA,Unprovoked,"Waiehu, Maui, Hawaii",Diving ,"3"" laceration to left hip",N,http://sharkattackfile.net/spreadsheets/pdf_directory/2013.10.23-ShaneMills.pdf,20.9239823,-156.5307432
64c08d4b96c159958ed5621d,153,2013.10.19,19-Oct-13,2013,USA,Unprovoked,"Deauville Beach Resort, Miami, Miami-Dade County, Florida",Wading,Bitten on left calf & foot,N,http://sharkattackfile.net/spreadsheets/pdf_directory/2013.10.19-Hamby.pdf,25.8509302,-80.1227372
64c08d4b96c159958ed5621e,154,2013.10.05,10-Oct-13,2013,USA,Unprovoked,"Destin, Okaloosa County, Florida",Wading,Lacerations to  right forearm,N,http://sharkattackfile.net/spreadsheets/pdf_directory/2013.10.05-Standridge.pdf,30.3982956,-86.4976975
64c08d4b96c159958ed5621f,155,2013.09.29.b,29-Sep-13,2013,USA,Unprovoked,"Melbourne Beach, Brevard County, Florida",Surfing,Lacerations to hand,N,http://sharkattackfile.net/spreadsheets/pdf_directory/2013.09.29.b-BrevardSurfer.pdf,28.0655811,-80.5704202
64c08d4b96c159958ed56220,156,2013.09.25, 25-Sep-2013,2013,USA,Unprovoked,"Panama City, Bay County, Florida",Standing,Laceration and puncture wounds to ankle,N,http://sharkattackfile.net/spreadsheets/pdf_directory/2013.09.25-EthanHand.pdf,30.2038292,-85.6858071
64c08d4b96c159958ed56221,157,2013.09.21.b, 21-Sep-2013,2013,USA,Unprovoked,"Ormond Beach, Volusia County, Florida",Swimming,Lacerations to right foot,N,http://sharkattackfile.net/spreadsheets/pdf_directory/2013.09.21.b-OrmondBeach.pdf,29.3075315,-81.1525171
64c08d4b96c159958ed56222,158,2013.09.14, 14-Sep-2013,2013,USA,Unprovoked,"Casino Beach, Pensacola, Escambia County, Florida",Swimming,Lacerations to right foot,N,http://sharkattackfile.net/spreadsheets/pdf_directory/2013.09.14-Kalck.pdf,30.3310298,-87.145141
64c08d4b96c159958ed56223,159,2013.09.12, 12-Sep-2013,2013,USA,Unprovoked,"New Smyrna Beach, Volusia County, Florida",Surfing,Heel bitten,N,http://sharkattackfile.net/spreadsheets/pdf_directory/2013.09.12-Portman.pdf,29.0296132,-80.996108
64c08d4b96c159958ed56224,160,2013.09.07.b, 07-Sep-2013,2013,USA,Provoked,"New Smyrna Beach, Volusia County, Florida",Surfing,Foot bitten when he accidentally jumped onto the shark PROVOKED INCIDENT,N,http://sharkattackfile.net/spreadsheets/pdf_directory/2013.09.07.b-Graham.pdf,29.0296132,-80.996108
64c08d4b96c159958ed56225,161,2013.09.07.a, 07-Sep-2013,2013,USA,Unprovoked,"New Smyrna Beach, Volusia County, Florida",Standing,"Minor injury, shin bitten",N,http://sharkattackfile.net/spreadsheets/pdf_directory/2013.09.07.a-Cardiel.pdf,29.0296132,-80.996108
64c08d4b96c159958ed56226,162,2013.09.02, 02-Sep-2013,2013,USA,Unprovoked,"Ormond Beach, Volusia County, Florida",Swimming,Shoulder bitten,N,http://sharkattackfile.net/spreadsheets/pdf_directory/2013.09.02-Floyd.pdf,29.3075315,-81.1525171
64c08d4b96c159958ed56227,163,2013.08.17,17-Aug-13,2013,USA,Unprovoked,"Pillar Point, Half-Moon Bay, San Mateo County, California",Surfing,"No injury, shark bumped surfboard",N,http://sharkattackfile.net/spreadsheets/pdf_directory/2013.08.17-Zaccaro.pdf,37.5030338,-122.4848511
64c08d4b96c159958ed56228,164,2013.08.11,11-Aug-13,2013,USA,Unprovoked,"Folly Beach, Charleston County, South Carolina",Surfing,"No injury, shark became entangled in his surfboard leash",N,http://sharkattackfile.net/spreadsheets/pdf_directory/2013.08.11-Royston.pdf,32.671303,-79.9905325
64c08d4b96c159958ed56229,165,2013.07.30,  30-Jul-2013,2013,USA,Unprovoked,"Isle of Palms, Charleston County, South Carolina",Swimming,Foot bitten,N,http://sharkattackfile.net/spreadsheets/pdf_directory/2013.07.30-Bretz.pdf,32.8009564,-79.7846641
64c08d4b96c159958ed5622a,166,2013.07.29.b,  29-Jul-2013,2013,MEXICO,Unprovoked,"Valentin Imperial Maya, Riviera Maya, Mexico",Wading,Hip bitten,N,http://sharkattackfile.net/spreadsheets/pdf_directory/2013.07.29.b-Davis.pdf,20.769416,-86.9503589
64c08d4b96c159958ed5622b,167,2013.07.19,19-Jul-13,2013,USA,Unprovoked,"Gulf Shores, Baldwin County, Alabama",Walking in surf,Lacerations and abrasions to foot and ankle,N,http://sharkattackfile.net/spreadsheets/pdf_directory/2013.07.19-Havrylkoff.pdf,30.2784578,-87.753672
64c08d4b96c159958ed5622c,168,2013.07.17.R,17-Jul-13,2013,USA,Unprovoked,"Butler Beach, St Augustine, St. Johns County, Florida ",Swimming ,4 cuts to posterior calf,N,http://sharkattackfile.net/spreadsheets/pdf_directory/2013.07.17-StAugustine.pdf,29.7970052,-81.286546
64c08d4b96c159958ed5622d,169,2013.06.25.b,25-Jun-13,2013,USA,Unprovoked,"Jacksonville Beach, Duval County, Florida",Swimming,Lacerations to left foot,N,http://sharkattackfile.net/spreadsheets/pdf_directory/2013.06.25.b-Malone.pdf,32.5874053,-81.3946111
64c08d4b96c159958ed5622e,170,2013.06.25.a,25-Jun-13,2013,USA,Unprovoked,"Beachwalker Park, Kiawah Island, Charleston County, South Carolina",Swimming,"Bitten on lower right leg, reported as a minor injury",N,http://sharkattackfile.net/spreadsheets/pdf_directory/2013.06.25.a-Watson.pdf,32.6082,-80.1334242
64c08d4b96c159958ed5622f,171,2013.06.17,17-Jun-13,2013,USA,Unprovoked,"Surfside, Brazoria County, Texas",Swimming,Left leg & hand bitten,N,http://sharkattackfile.net/spreadsheets/pdf_directory/2013.06.17-Sebesta.pdf,32.5874053,-80.1334242
64c08d4b96c159958ed56230,172,2013.06.15,15-Jun-13,2013,USA,Unprovoked,"Atlantic Beach, Duval County, Florida",Surfing,Lacerations to left ankle,N,http://sharkattackfile.net/spreadsheets/pdf_directory/2013.06.15-LaFlam.pdf,30.3422194,-81.40695
64c08d4b96c159958ed56231,173,2013.06.14.R,14-Jun-13,2013,USA,Unprovoked,"Myrtle Beach, Horry County, South Carolina",Boogie Boarding,Puncture marks to hand,N,http://sharkattackfile.net/spreadsheets/pdf_directory/2013.06.14.R-Foreman.pdf,33.7198609,-78.9612081
64c08d4b96c159958ed56232,174,2013.05.27.a,27-May-13,2013,USA,Unprovoked,"Ormond Beach, Volusia County, Florida",Swimming,Right foot bitten,N,http://sharkattackfile.net/spreadsheets/pdf_directory/2013.05.27.a-Kirkpatrick.pdf,29.3075315,-81.1525171
64c08d4b96c159958ed56233,175,2013.05.04.a,4-May-13,2013,USA,Unprovoked,"Melbourne Beach, Brevard County, Florida",Surfing,Lacerations to left foot and ankle,N,http://sharkattackfile.net/spreadsheets/pdf_directory/2013.05.04-Adler.pdf,28.0655811,-80.5704202
64c08d4b96c159958ed56234,176,2013.04.13.b,13-Apr-13,2013,USA,Unprovoked,"New Smyrna Beach, Volusia County, Florida",Surfing,Minor lacerations to right hand,N,http://sharkattackfile.net/spreadsheets/pdf_directory/2013.04.13.b-JoshuaWhite.pdf,29.0296132,-80.996108
64c08d4b96c159958ed56235,177,2013.04.04,4-Apr-13,2013,USA,Unprovoked,"Jensen Beach, Martin County, Florida",Swimming,Lacerations to hand,N,http://sharkattackfile.net/spreadsheets/pdf_directory/2013.04.04-JensenBeach.pdf,27.2380827,-80.267529
64c08d4b96c159958ed56236,178,2012.12.31,31-Dec-12,2012,USA,Unprovoked,"Jensen Beach, Martin County, Florida ",Swimming,Lower leg or ankle bitten,N,http://sharkattackfile.net/spreadsheets/pdf_directory/2012.12.31-JensenBeach.pdf,27.2380827,-80.267529
64c08d4b96c159958ed56237,179,2012.11.30,30-Nov-12,2012,USA,Unprovoked,"Kihei, Maui, Hawaii",Snorkeling,Lacerations to thigh & lower left leg,N,http://sharkattackfile.net/spreadsheets/pdf_directory/2012.11.30-Kennedy.pdf,20.7651638,-156.4924916
64c08d4b96c159958ed56238,180,2012.11.19,19-Nov-12,2012,USA,Unprovoked,"Melbourne Beach, Brevard County, Florida",Surfing,Minor lacerations to left foot & heel,N,http://sharkattackfile.net/spreadsheets/pdf_directory/2012.11.19-Rittgers.pdf,28.0655811,-80.5704202
64c08d4b96c159958ed56239,181,2012.10.23,23-Oct-12,2012,USA,Unprovoked,"Surf Beach, Northern Santa Barbara County, California",Surfing,FATAL,Y,http://sharkattackfile.net/spreadsheets/pdf_directory/2012.10.23-Solorio.pdf,34.6831306,-120.6167275
64c08d4b96c159958ed5623a,182,2012.10.19,19-Oct-12,2012,USA,Unprovoked,"Seaport, Brevard County, Florida",,Left calf bitten,N,http://sharkattackfile.net/spreadsheets/pdf_directory/2012.10.19-BrevardCounty.pdf,28.4073554,-80.6153749
64c08d4b96c159958ed5623b,183,2012.10.18.b,18-Oct-12,2012,USA,Unprovoked,"Ponce Inlet, Volusia County, Florida",Surfing,Minor bite to ankle,N,http://sharkattackfile.net/spreadsheets/pdf_directory/2012.10.18.b-PonceInlet.pdf,29.1030189,-80.9489711
64c08d4b96c159958ed5623c,184,2012.10.16,16-Oct-12,2012,USA,Invalid,"Hobe Sound Beach, Martin County, Florida",,Laceration to toe,,http://sharkattackfile.net/spreadsheets/pdf_directory/2012.10.16-HobeSound.pdf,27.0664324,-80.1182405
64c08d4b96c159958ed5623d,185,2012.10.07,10-Oct-12,2012,USA,Unprovoked,"Davenport Landing, Santa Cruz County, California",Windsurfing,"No ijnury to boardrider, shark struck board breaking the mast",N,http://sharkattackfile.net/spreadsheets/pdf_directory/2012.10.07-Proppe.pdf,37.0260352,-122.2184784
64c08d4b96c159958ed5623e,186,2012.09.25,25-Sep-12,2012,USA,Unprovoked,"Melbourne Beach, Brevard County, Florida",Surfing,Lacerations to left forearm,N,http://sharkattackfile.net/spreadsheets/pdf_directory/2012.09.25-Taylor.pdf,28.0655811,-80.5704202
64c08d4b96c159958ed5623f,187,2012.09.09,9-Sep-12,2012,USA,Unprovoked,"New Smyrna Beach, Volusia County, Florida",Surfing,Minor injury to elbow,N,http://sharkattackfile.net/spreadsheets/pdf_directory/2012.09.09-NSB.pdf,29.0296132,-80.996108
64c08d4b96c159958ed56240,188,2012.09.08.a,8-Sep-12,2012,USA,Unprovoked,"South Beach, Miami-Dade County, Florida",Swimming,Lacerations to right calf,N,http://sharkattackfile.net/spreadsheets/pdf_directory/2012.09.08.a-SouthBeach.pdf,25.7818872,-80.1558063
64c08d4b96c159958ed56241,189,2012.09.06.b,6-Sep-12,2012,USA,Unprovoked,"Neptune Beach, Duval County, Florida",Surfing,Right calf bitten,N,http://sharkattackfile.net/spreadsheets/pdf_directory/2012.09.06.b-Fyfe.pdf,30.3158294,-81.4058216
64c08d4b96c159958ed56242,190,2012.09.06.a,6-Sep-12,2012,USA,Unprovoked,"St. Augustine Beach, St. Johns County, Florida",Surfing,Lacerations to foot,N,http://sharkattackfile.net/spreadsheets/pdf_directory/2012.09.06.a-Birchall.pdf,29.8395352,-81.293417
64c08d4b96c159958ed56243,191,2012.09.04,4-Sep-12,2012,USA,Unprovoked,"Melbourne Beach, Brevard County, Florida",Surfing,Puncture wounds to hand,N,http://sharkattackfile.net/spreadsheets/pdf_directory/2012.09.04-MelbourneBeach.pdf,28.0655811,-80.5704202
64c08d4b96c159958ed56244,192,2012.09.02.b,2-Sep-12,2012,USA,Unprovoked,"New Smyrna Beach, Volusia County, Florida",Boogie boarding,Puncture wounds to calf and hand,N,http://sharkattackfile.net/spreadsheets/pdf_directory/2012.09.02.b-NSB-girl.pdf,29.0296132,-80.996108
64c08d4b96c159958ed56245,193,2012.09.02.a,2-Sep-12,2012,USA,Unprovoked,"New Smyrna Beach, Volusia County, Florida",Swimming or boogie boarding,Puncture wound to left ankle,N,http://sharkattackfile.net/spreadsheets/pdf_directory/2012.09.02.a-NSB-Woman.pdf,29.0296132,-80.996108
64c08d4b96c159958ed56246,194,2012.08.15,15-Aug-12,2012,USA,Unprovoked,"Gulf State Park Pier, Gulf Shores, Alabama",Wading or swimming,Lacerations to leg,N,http://sharkattackfile.net/spreadsheets/pdf_directory/2012.08.15-GulfShoresSwimmer.pdf,30.2472824,-87.6697138
64c08d4b96c159958ed56247,195,2012.08.09,8-Aug-12,2012,USA,Unprovoked,"Key Largo, Monroe County, Florida",Free diving ,Lacerations to little finger of left hand,N,http://sharkattackfile.net/spreadsheets/pdf_directory/2012.08.09-Lowe.pdf,25.1092801,-80.5080663
64c08d4b96c159958ed56248,196,2012.07.19,19-Jul-12,2012,CANADA,Invalid,"Tofino, Vancouver, British Colombia",Surfing,"Lacerations to 2 fingers, but shark involvement unconfirmed",,http://sharkattackfile.net/spreadsheets/pdf_directory/2012.07.19-Dakers.pdf,49.1290102,-125.9069125
64c08d4b96c159958ed56249,197,2012.07.08,8-Jul-12,2012,USA,Unprovoked,"North Topsail Beach, Onslow County, North Carolina",Swimming,Lacerations to right ankle and calf,N,http://sharkattackfile.net/spreadsheets/pdf_directory/2012.07.08-Fasick.pdf,34.4996878,-77.4702455
64c08d4b96c159958ed5624a,198,2012.07.07.a,7-Jul-12,2012,USA,Boating,"Pleasure Point, Santa Cruz County, California",Kayaking,"No injury, kayak bitten",N,http://sharkattackfile.net/spreadsheets/pdf_directory/2012.07.07.a-SantaCruz.pdf,36.9747417,-121.9619917
64c08d4b96c159958ed5624b,199,2012.06.26.c,26-Jun-12,2012,USA,Unprovoked,"Juno Beach, Palm Beach County, Florida",Swimming,Thigh bitten,N,http://sharkattackfile.net/spreadsheets/pdf_directory/2012.06.26.c-Bieber.pdf,26.8750948,-80.0782725
64c08d4b96c159958ed5624c,200,2012.06.26.b,26-Jun-12,2012,USA,Unprovoked,"New Smyrna Beach, Volusia County, Florida",Surfing,Nip to left foot,N,http://sharkattackfile.net/spreadsheets/pdf_directory/2012.06.26.b-NewSmyrnaBeach.pdf,29.0296132,-80.996108
64c08d4b96c159958ed5624d,201,2012.06.19,19-Jun-12,2012,USA,Invalid,"Myrtle Beach, Horry County, South Carolina",Standing,"Laceration to foot. Injured by a stingray, not a shark",,http://sharkattackfile.net/spreadsheets/pdf_directory/2012.06.19-MyrtleBeach.pdf,33.7198609,-78.9612081
64c08d4b96c159958ed5624e,202,2012.06.14.d,14-Jun-12,2012,USA,Unprovoked,"Myrtle Beach, Horry County, South Carolina",Swimming,Foot & hand bitten,N,http://sharkattackfile.net/spreadsheets/pdf_directory/2012.06.14.d-female-MyrtleBeach.pdf,33.7198609,-78.9612081
64c08d4b96c159958ed5624f,203,2012.06.14.c,14-Jun-12,2012,USA,Unprovoked,"Myrtle Beach, Horry County, South Carolina",Swimming,Minor injury,N,http://sharkattackfile.net/spreadsheets/pdf_directory/2012.06.14.c-MyrtleBeach.pdf,33.7198609,-78.9612081
64c08d4b96c159958ed56250,204,2012.06.14.b,14-Jun-12,2012,USA,Unprovoked,"Myrtle Beach, Horry County, South Carolina",Swimming,Calf bitten,N,http://sharkattackfile.net/spreadsheets/pdf_directory/2012.06.14.b-male-MyrtleBeach.pdf,33.7198609,-78.9612081
64c08d4b96c159958ed56251,205,2012.06.14.a,14-Jun-12,2012,USA,Unprovoked,"Myrtle Beach, Horry County, South Carolina",Swimming,Laceration to right foot,N,http://sharkattackfile.net/spreadsheets/pdf_directory/2012.06.14.a-Garosalo.pdf,33.7198609,-78.9612081
64c08d4b96c159958ed56252,206,2012.06.02.b,2-Jun-12,2012,USA,Unprovoked,"Bethune Beach, Volusia County, Florida",Surfing,Laceration to thigh,N,http://sharkattackfile.net/spreadsheets/pdf_directory/2012.06.02.b-DelRosso.pdf,28.9491718,-80.8481297
64c08d4b96c159958ed56253,207,2012.06.02.a,2-Jun-12,2012,USA,Unprovoked,"Myrtle Beach, Horry County, South Carolina",Boogie Boarding,Severe laceration to foot,N,http://sharkattackfile.net/spreadsheets/pdf_directory/2012.06.02.a-Maczynski.pdf,33.7198609,-78.9612081
64c08d4b96c159958ed56254,208,2012.05.31,31-May-12,2012,USA,Unprovoked,"Avon, Hatteras Island, Outer Banks, Dare County, North Carolina",Wading,Foot bitten,N,http://sharkattackfile.net/spreadsheets/pdf_directory/2012.05.31-Konkler.pdf,35.3481685,-75.5194326
64c08d4b96c159958ed56255,209,2012.05.23,23-May-12,2012,USA,Unprovoked,"Jacksonville, Duval County, Florida",Surfing,Lacerations to foot,N,http://sharkattackfile.net/spreadsheets/pdf_directory/2012.05.23-Renfro.pdf,30.345183,-81.8479147
64c08d4b96c159958ed56256,210,2012.05.09,9-May-12,2012,USA,Unprovoked,"Vero Beach, Indian River County, Florida",Swimming,Upper left thigh bitten,N,http://sharkattackfile.net/spreadsheets/pdf_directory/2012.05.09-Stei.pdf,27.6452306,-80.4174806
64c08d4b96c159958ed56257,211,2012.04.19.b,19-Apr-12,2012,USA,Unprovoked,"Indialantic, Brevard County, Florida",Surfing,Lacerations to hand,N,http://sharkattackfile.net/spreadsheets/pdf_directory/2012.04.19.b-Ellingham.pdf,28.087562,-80.5790372
64c08d4b96c159958ed56258,212,2012.03.24,24-Mar-12,2012,USA,Unprovoked,"New Smyrna Beach, Volusia County, Florida",Surfing,Minor lacerations to foot,N,http://sharkattackfile.net/spreadsheets/pdf_directory/2012.03.24-Coppola.pdf,29.0296132,-80.996108
64c08d4b96c159958ed56259,213,2012.03.15,15-Mar-12,2012,USA,Unprovoked,"Jensen Beach, Martin County, Florida",Surfing,Left forearm bitten,N,http://sharkattackfile.net/spreadsheets/pdf_directory/2012.03.15-Wacha.pdf,27.2380827,-80.267529
64c08d4b96c159958ed5625a,214,2012.03.14.b,14-Mar-12,2012,USA,Unprovoked,"New Smyrna Beach, Volusia County, Florida",Surfing,Bitten on ankle,N,http://sharkattackfile.net/spreadsheets/pdf_directory/2012.03.14.b-Levy.pdf,29.0296132,-80.996108
64c08d4b96c159958ed5625b,215,2012.03.14.a,14-Mar-12,2012,USA,Unprovoked,"New Smyrna Beach, Volusia County, Florida",Surfing,Bitten on calf,N,http://sharkattackfile.net/spreadsheets/pdf_directory/2012.03.14.a-Romano.pdf,29.0296132,-80.996108
64c08d4b96c159958ed5625c,216,2012.01.27,27-Jan-12,2012,USA,Unprovoked,"Lanai, Hawaii",Snorkeling,"No injury, shark bit swim fin",N,http://sharkattackfile.net/spreadsheets/pdf_directory/2012.01.27-NV-Graden.pdf,20.8307105,-157.0163508
64c08d4b96c159958ed5625d,217,2012.01.13,13-Jan-12,2012,USA,Unprovoked,"Lincoln City, Lincoln County, Oregon",Surfing,"No injury, surfboard damaged",N,http://sharkattackfile.net/spreadsheets/pdf_directory/2012.01.13-Harnack.pdf,44.9688322,-124.1573966
64c08d4b96c159958ed5625e,218,2011.12.31,31-Dec-11,2011,USA,Unprovoked,"Jupiter, Palm Beach County, Florida",,Hand injured,N,http://sharkattackfile.net/spreadsheets/pdf_directory/2011.12.31-Jupiter.pdf,26.9267861,-80.159537
64c08d4b96c159958ed5625f,219,2011.12.23,23-Dec-11,2011,USA,Unprovoked,"New Smyrna Beach, Volusia County, Florida",Surfing,Laceration to ankle,N,http://sharkattackfile.net/spreadsheets/pdf_directory/2011.12.23-Futato.pdf,29.0296132,-80.996108
64c08d4b96c159958ed56260,220,2011.10.20,20-Oct-11,2011,USA,Unprovoked,"Newport, Lincoln County, Oregon",Surfing,"No injury, shark bit surfboard",N,http://sharkattackfile.net/spreadsheets/pdf_directory/2011.10.20-Gumm.pdf,44.6213795,-124.1322972
64c08d4b96c159958ed56261,221,2011.10.11,11-Oct-11,2011,USA,Unprovoked,"Cape Canaveral, Brevard County, Florida",Surfing,Foot bitten,N,http://sharkattackfile.net/spreadsheets/pdf_directory/2011.10.11-Riley.pdf,28.3882682,-80.627362
64c08d4b96c159958ed56262,222,2011.10.10,10-Oct-11,2011,USA,Unprovoked,"Seaside, Clatsop County, Oregon",Surfing,No injury,N,http://sharkattackfile.net/spreadsheets/pdf_directory/2011.10.10-Niblack.pdf,45.9820072,-123.9683225
64c08d4b96c159958ed56263,223,2011.10.01,1-Oct-11,2011,USA,Unprovoked,"Gulf Shores, Baldwin County, Alabama",,Lacerations to right wrist and middle finger,N,http://sharkattackfile.net/spreadsheets/pdf_directory/2011.10.01-Meade.pdf,30.2784578,-87.753672
64c08d4b96c159958ed56264,224,2011.09.24.a,24-Sep-11,2011,USA,Unprovoked,"North Myrtle Beach, Horry County, South Carolina",Jumping in the waves,Laceration to left thigh,N,http://sharkattackfile.net/spreadsheets/pdf_directory/2011.09.24.a-O'Hara.pdf,33.8249494,-78.731089
64c08d4b96c159958ed56265,225,2011.09.16,16-Sep-11,2011,USA,Unprovoked,"New Smyrna Beach, Volusia County, Florida",Surfing,Lacerations to arm,N,http://sharkattackfile.net/spreadsheets/pdf_directory/2011.09.16-Jorgensen.pdf,29.0296132,-80.996108
64c08d4b96c159958ed56266,226,2011.09.02,2-Sep-11,2011,USA,Unprovoked,"New Smyrna Beach, Volusia County, Florida",Surfing,Lacerations to ankle & foot,N,http://sharkattackfile.net/spreadsheets/pdf_directory/2011.09.02-True.pdf,29.0296132,-80.996108
64c08d4b96c159958ed56267,227,2011.08.17.c.,17-Aug-11,2011,USA,Unprovoked,"Kure Beach, New Hanover County, North Carolina",Wading,Lacerations to foot,N,http://sharkattackfile.net/spreadsheets/pdf_directory/2011.08.17.c-Aronian.pdf,33.9944689,-77.9285701
64c08d4b96c159958ed56268,228,2011.08.17.b.,17-Aug-11,2011,USA,Invalid,"Wrightsville Beach, New Hanover County, North Carolina",,Abrasions to left hand,,http://sharkattackfile.net/spreadsheets/pdf_directory/2011.08.17.b-child.pdf,34.2107058,-77.8201845
64c08d4b96c159958ed56269,229,2011.08.16.b,16-Aug-11,2011,USA,Unprovoked,"Mosquito Bay, Isla Vieques, Puerto Rico",Floating ,Lacerations to  lower right leg and foot,N,http://sharkattackfile.net/spreadsheets/pdf_directory/2011.08.16.b-Strunk.pdf,18.0982139,-65.449748
64c08d4b96c159958ed5626a,230,2011.08.15,15-Aug-11,2011,USA,Invalid,"Myrtle Beach, Horry County, South Carolina",Playing in the surf,Puncture wounds to foot,N,http://sharkattackfile.net/spreadsheets/pdf_directory/2011.08.15-Varney.pdf,33.7198609,-78.9612081
64c08d4b96c159958ed5626b,231,2011.07.25,25-Jul-11,2011,USA,Unprovoked,"Egg Harbor Township, Atlantic County, New Jersey",Wade Fishing,"No injury, shark bit boot",N,http://sharkattackfile.net/spreadsheets/pdf_directory/2011.07.25-Aubrey.pdf,39.3797246,-74.6879838
64c08d4b96c159958ed5626c,232,2011.07.13.b,13-Jul-11,2011,USA,Unprovoked,"South Padre Island, Cameron County, Texas",Surf fishing,Lacerations to left foot,N,http://sharkattackfile.net/spreadsheets/pdf_directory/2011.07.13.b-Paez.pdf,26.112763,-97.1886005
64c08d4b96c159958ed5626d,233,2011.06.26,26-Jun-08,2011,USA,Unprovoked,"North Topsail Beach, Onslow County, North Carolina",Playing in the surf,Ankle bitten,N,http://sharkattackfile.net/spreadsheets/pdf_directory/2011.06.26-Cartwright.pdf,34.4996878,-77.4702455
64c08d4b96c159958ed5626e,234,2011.06.21,21-Jun-11,2011,USA,Unprovoked,"Flora-Bama Lounge, Perdido Key, Escambia County, Florida",Jet skiing,Lacerations to foot and ankle,N,http://sharkattackfile.net/spreadsheets/pdf_directory/2011.06.21-McConnell.pdf,30.2813168,-87.5207879
64c08d4b96c159958ed5626f,235,2011.06.06.b,6-Jun-11,2011,USA,Unprovoked,"La Jolla, San Diego County, California",Spearfishing,"No injury, minor damage to wetsuit",N,http://sharkattackfile.net/spreadsheets/pdf_directory/2011.06.06.b-Schlaefli.pdf,32.8726384,-117.3309726
64c08d4b96c159958ed56270,236,2011.06.06.a,6-Jun-11,2011,USA,Unprovoked,"New Smyrna Beach, Volusia County, Florida",Wading,Puncture wound to calf,N,http://sharkattackfile.net/spreadsheets/pdf_directory/2011.06.06.a-McIntosh.pdf,29.0296132,-80.996108
64c08d4b96c159958ed56271,237,2011.05.13.b,13-May-11,2011,USA,Unprovoked,"Ponte Vedra Beach, St Johns County, Florida",Body surfing,Lacerations to left foot & ankle,N,http://sharkattackfile.net/spreadsheets/pdf_directory/2011.05.13.b-Brown.pdf,30.2348215,-81.400188
64c08d4b96c159958ed56272,238,2011.05.13.a,13-May-11,2011,USA,Unprovoked,"Ormond Beach, Volusia County, Florida",Surfing,Minor injury; puncture wounds to calf,N,http://sharkattackfile.net/spreadsheets/pdf_directory/2011.05.13.a-Bronson.pdf,29.3075315,-81.1525171
64c08d4b96c159958ed56273,239,2011.05.10,10-May-11,2011,USA,Provoked,"Miami, Florida",Fishing ,Laceration to arm by captive shark PROVOKED INCIDENT,N,http://sharkattackfile.net/spreadsheets/pdf_directory/2011.05.10-Storch.pdf,25.7825389,-80.3118592
64c08d4b96c159958ed56274,240,2011.04.26,26-Apr-11,2011,USA,Unprovoked,"Riviera Beach, Palm Beach County, Florida",Spearfishing,Calf bitten,N,http://sharkattackfile.net/spreadsheets/pdf_directory/2011.04.26-Seagrich.pdf,26.7886214,-80.0954205
64c08d4b96c159958ed56275,241,2011.04.22,22-Apr-11,2011,USA,Unprovoked,"New Smyrna Beach, Volusia County, Florida",Surfing ,Minor puncture wounds,N,http://sharkattackfile.net/spreadsheets/pdf_directory/2011.04.22-RonWhite.pdf,29.0296132,-80.996108
64c08d4b96c159958ed56276,242,2011.03.21.b,21-Mar-11,2011,MEXICO,Unprovoked,"Cancun, Quintana Roo, Mexico",Swimming,Right foot bitten,N,http://sharkattackfile.net/spreadsheets/pdf_directory/2011.03.21.b-Masternak.pdf,21.1214831,-86.9316342
64c08d4b96c159958ed56277,243,2011.02.04.R,4-Feb-11,2011,MEXICO,Provoked,"Manzanillo, Revillagigedo Islands, Mexico",Shark fishing on the Ricardo Astorga,Left foot bitten PROVOKED INCIDENT,N,http://sharkattackfile.net/spreadsheets/pdf_directory/2011.02.04.R-Camacho.pdf,18.6007932,-114.1531816
64c08d4b96c159958ed56278,244,2011.01.31,31-Jan-11,2011,MEXICO,Unprovoked,"Cancun, Quintana Roo, Mexico",Swimming,"Leg, forearm & hand severely bitten",N,http://sharkattackfile.net/spreadsheets/pdf_directory/2011.01.31-Moore.pdf,21.1214831,-86.9316342
64c08d4b96c159958ed56279,245,2010.11.19,19-Nov-10,2010,USA,Provoked,Palmyra Atoll,Snorkeling,Head bitten by netted shark PROVOKED INCIDENT,N,http://sharkattackfile.net/spreadsheets/pdf_directory/2010.11.19-Pollock.pdf,5.8820153,-162.0962447
64c08d4b96c159958ed5627a,246,2010.10.28,28-Oct-10,2010,USA,Unprovoked,"North Jetty, Siuslaw River, Florence, Oregon",Surfing,No injury to surfer,N,http://sharkattackfile.net/spreadsheets/pdf_directory/2010.10.28.a-SethMead.pdf,44.0167017,-124.1285574
64c08d4b96c159958ed5627b,247,2010.10.22,22-Oct-10,2010,USA,Unprovoked,"Surf Beach, Vandenberg AFB, Santa Barbara County, California",Body boarding,FATAL,Y,http://sharkattackfile.net/spreadsheets/pdf_directory/2010.10.22-Ransom.pdf,34.6844435,-120.6138026
64c08d4b96c159958ed5627c,248,2010.09.07,7-Sep-10,2010,USA,Unprovoked,"St. Augustine, St. John's County, Florida ",Swimming,Lacerations to left wrist,N,http://sharkattackfile.net/spreadsheets/pdf_directory/2010.09.07-Whitworth.pdf,29.906554,-81.346611
64c08d4b96c159958ed5627d,249,2010.09.04, 04-Sep-2010,2010,USA,Unprovoked,"New Smyrna Beach, Volusia County, Florida",Surfing,"No injury, shark charged surfboard",N,http://sharkattackfile.net/spreadsheets/pdf_directory/2010.09.04-Kerr.pdf,29.0296132,-80.996108
64c08d4b96c159958ed5627e,250,2010.09.03.b,3-Sep-10,2010,USA,Unprovoked,"New Smyrna Beach, Volusia County, Florida",Surfing,Lacerations to right  hand ,N,http://sharkattackfile.net/spreadsheets/pdf_directory/2010.09.03.b-Coffman.pdf,29.0296132,-80.996108
64c08d4b96c159958ed5627f,251,2010.09.03.a,3-Sep-10,2010,USA,Unprovoked,"New Smyrna Beach, Volusia County, Florida",Surfing,Left thigh bitten,N,http://sharkattackfile.net/spreadsheets/pdf_directory/2010.09.03.a-Heald.pdf,29.0296132,-80.996108
64c08d4b96c159958ed56280,252,2010.08.05,5-Aug-10,2010,USA,Invalid,"Bethune Beach, Volusia County, Florida",Swimming,Minor abrasions to legs when she was lifted on the back of a large marine animal,,http://sharkattackfile.net/spreadsheets/pdf_directory/2010.08.05-Fischman.pdf,28.9491718,-80.8481297
64c08d4b96c159958ed56281,253,2010.07.25,25-Jul-10,2010,USA,Unprovoked,"Isle of Palms, Charleston County, South Carolina",Standing,Lacerations to right lower leg,N,http://sharkattackfile.net/spreadsheets/pdf_directory/2010.07.25-Stamm.pdf,32.8009564,-79.7846641
64c08d4b96c159958ed56282,254,2010.07.23,23-Jul-10,2010,USA,Unprovoked,"Jacksonville Beach, Duval County, Florida",Surfing,Left foot bitten,N,http://sharkattackfile.net/spreadsheets/pdf_directory/2010.07.23-Schulz.pdf,30.2800089,-81.3946111
64c08d4b96c159958ed56283,255,2010.07.19,19-Jul-10,2010,USA,Unprovoked,"Myrtle Beach, Horry County, South Carolina",Swimming,Minor lacerations to left calf,N,http://sharkattackfile.net/spreadsheets/pdf_directory/2010.07.19-Myers.pdf,33.7198609,-78.9612081
64c08d4b96c159958ed56284,256,2010.07.17.b,17-Jul-10,2010,USA,Unprovoked,"Wrightsville Beach, Hanover County, North Carolina",Swimming,Lacerations to right forearm,N,http://sharkattackfile.net/spreadsheets/pdf_directory/2010.07.17.b-Parker.pdf,33.7198609,-78.9612081
64c08d4b96c159958ed56285,257,2010.07.17.a,17-Jul-10,2010,USA,Unprovoked,"New Smyrna Beach, Volusia County, Florida",Surfing,Minor lacerations to right foot,N,http://sharkattackfile.net/spreadsheets/pdf_directory/2010.07.17.a-Johnston.pdf,29.0296132,-80.996108
64c08d4b96c159958ed56286,258,2010.07.16.a,16-Jul-10,2010,USA,Unprovoked,"8-Mile Road Beach, Galveston Island, Texas",Fishing,Leg bitten,N,http://sharkattackfile.net/spreadsheets/pdf_directory/2010.07.16.a-Gauzer.pdf,29.2448314,-94.8933846
64c08d4b96c159958ed56287,259,2010.07.11,11-Jul-10,2010,USA,Provoked,"Lauderdale-by-the-Sea, Broward County, Florida",Fishing,Small laceration to forearm from netted shark  PROVOKED INCIDENT,N,http://sharkattackfile.net/spreadsheets/pdf_directory/2010.07.11-Lauderdale-fisherman.pdf,26.2006974,-80.1143651
64c08d4b96c159958ed56288,260,2010.07.02.b,2-Jul-10,2010,USA,Unprovoked,"Pismo Beach, San Luis  Obispo County, California",Surfing,Laceration to left foot,N,http://sharkattackfile.net/spreadsheets/pdf_directory/2010.07.02.b-Crane.pdf,35.1477758,-120.7006924
64c08d4b96c159958ed56289,261,2010.07.02.a,2-Jul-10,2010,USA,Unprovoked,"San Onofre State Beach, San Diego, Orange County, California",Stand-Up Paddleboarding,"No injury, board bumped by shark",N,http://sharkattackfile.net/spreadsheets/pdf_directory/2010.07.02.a-Bull.pdf,33.3728247,-117.5759009
64c08d4b96c159958ed5628a,262,2010.06.10,10-Jun-10,2010,USA,Unprovoked,"Jacksonville, Duval County Florida",Boogie Boarding,Lacerations to left calf and foot,N,http://sharkattackfile.net/spreadsheets/pdf_directory/2010.06.10-Mayo-Foster.pdf,30.345183,-81.8479147
64c08d4b96c159958ed5628b,263,2010.06.00,10-Jun,2010,USA,Unprovoked,"Ponte Vedra Beach, St Johns County, Florida",Surfing,Lacerations to left foot,N,http://sharkattackfile.net/spreadsheets/pdf_directory/2010.06.00-Searcy.pdf,30.2348215,-81.400188
64c08d4b96c159958ed5628c,264,2010.05.01,1-May-10,2010,USA,Unprovoked,"New Smyrna Beach, Volusia County, Florida",Wading,Minor puncture wounds to right ankle,N,http://sharkattackfile.net/spreadsheets/pdf_directory/2010.05.01-Dubois.pdf,29.0296132,-80.996108
64c08d4b96c159958ed5628d,265,2010.02.06.a,6-Feb-10,2010,USA,Provoked,"Riviera Beach, Florida",Surf fishing / wading,Leg bitten while trying to free a hooked shark PROVOKED INCIDENT,N,http://sharkattackfile.net/spreadsheets/pdf_directory/2010.02.06.a-RivieraBeach.pdf,26.7886214,-80.0954205
64c08d4b96c159958ed5628e,266,2010.02.03,3-Feb-10,2010,USA,Unprovoked,"Stuart, Martin County, Florida",Kite Boarding,FATAL,Y,http://sharkattackfile.net/spreadsheets/pdf_directory/2010.02.03-Schafer.pdf,27.1987932,-80.2818365
